{"bce loss": 0.7454527616500854, "_timestamp": 1686135878.1227858, "_runtime": 21.667274713516235, "_step": 0, "_wandb": {"runtime": 46}}