{"bce loss": 0.7510965718672826, "_timestamp": 1686140873.4402606, "_runtime": 165.20774173736572, "_step": 25, "_wandb": {"runtime": 214}}