{"val acc": 0.5, "val auc": 0.5416666666666666, "val precision": 1.0, "val recall": 0.07142857142857142, "val f1": 0.13333333333333333, "_timestamp": 1686142485.8843997, "_runtime": 34.905478715896606, "_step": 0, "_wandb": {"runtime": 34}}