{"val acc": 0.42, "val auc": 0.47596153846153844, "val precision": 0.36363636363636365, "val recall": 0.15384615384615385, "val f1": 0.21621621621621623, "_timestamp": 1686142013.6833484, "_runtime": 66.0717785358429, "_step": 0, "_wandb": {"runtime": 64}}