{"bce loss": 0.731860450572438, "_timestamp": 1686136977.3910818, "_runtime": 873.1157577037811, "_step": 125, "_wandb": {"runtime": 1021}}