{"bce loss": 0.6903813481330872, "_timestamp": 1686142647.7996233, "val acc": 0.5384615384615384, "val auc": 0.625, "val precision": 0.5384615384615384, "val recall": 1.0, "val f1": 0.7000000000000001, "_runtime": 128.33088326454163, "_step": 0, "_wandb": {"runtime": 127}}